{
    "config": "configs/maskclip_text/maskclip_text_vit16_520x520_pascal_context_59.py",
    "metric": {
        "aAcc": 0.42200000000000004,
        "mIoU": 0.2291,
        "mAcc": 0.4543,
        "mPrec": 0.34740000000000004,
        "IoU.aeroplane": 0.26629999160766604,
        "IoU.bag": 0.10479999542236328,
        "IoU.bed": 0.08579999923706055,
        "IoU.bedclothes": 0.12710000038146974,
        "IoU.bench": 0.050399999618530276,
        "IoU.bicycle": 0.40959999084472654,
        "IoU.bird": 0.32849998474121095,
        "IoU.boat": 0.21129999160766602,
        "IoU.book": 0.18100000381469727,
        "IoU.bottle": 0.39689998626708983,
        "IoU.building": 0.10050000190734863,
        "IoU.bus": 0.6381999969482421,
        "IoU.cabinet": 0.07389999866485596,
        "IoU.car": 0.46799999237060547,
        "IoU.cat": 0.6783000183105469,
        "IoU.ceiling": 0.17690000534057618,
        "IoU.chair": 0.24670000076293946,
        "IoU.cloth": 0.050399999618530276,
        "IoU.computer": 0.08239999771118164,
        "IoU.cow": 0.4395000076293945,
        "IoU.cup": 0.02950000047683716,
        "IoU.curtain": 0.15960000038146974,
        "IoU.dog": 0.6056000137329102,
        "IoU.door": 0.09810000419616699,
        "IoU.fence": 0.14600000381469727,
        "IoU.floor": 0.30520000457763674,
        "IoU.flower": 0.155,
        "IoU.food": 0.055,
        "IoU.grass": 0.4458000183105469,
        "IoU.ground": 0.14640000343322754,
        "IoU.horse": 0.41389999389648435,
        "IoU.keyboard": 0.2781999969482422,
        "IoU.light": 0.07639999866485596,
        "IoU.motorbike": 0.4736000061035156,
        "IoU.mountain": 0.21469999313354493,
        "IoU.mouse": 0.004199999868869781,
        "IoU.person": 0.3028000068664551,
        "IoU.plate": 0.022699999809265136,
        "IoU.platform": 0.04699999809265137,
        "IoU.pottedplant": 0.30389999389648437,
        "IoU.road": 0.23959999084472655,
        "IoU.rock": 0.21239999771118165,
        "IoU.sheep": 0.5177000045776368,
        "IoU.shelves": 0.07539999961853028,
        "IoU.sidewalk": 0.07239999771118164,
        "IoU.sign": 0.08680000305175781,
        "IoU.sky": 0.29950000762939455,
        "IoU.snow": 0.3447000122070312,
        "IoU.sofa": 0.3089999961853027,
        "IoU.table": 0.11789999961853027,
        "IoU.track": 0.02059999942779541,
        "IoU.train": 0.4127999877929687,
        "IoU.tree": 0.28489999771118163,
        "IoU.truck": 0.04550000190734863,
        "IoU.tvmonitor": 0.28399999618530275,
        "IoU.wall": 0.15420000076293947,
        "IoU.water": 0.4125,
        "IoU.window": 0.16930000305175782,
        "IoU.wood": 0.05929999828338623,
        "Acc.aeroplane": 0.8761000061035156,
        "Acc.bag": 0.41259998321533203,
        "Acc.bed": 0.4513999938964844,
        "Acc.bedclothes": 0.2571999931335449,
        "Acc.bench": 0.14760000228881837,
        "Acc.bicycle": 0.7933999633789063,
        "Acc.bird": 0.9031999969482422,
        "Acc.boat": 0.8125,
        "Acc.book": 0.24520000457763672,
        "Acc.bottle": 0.6181999969482422,
        "Acc.building": 0.10510000228881836,
        "Acc.bus": 0.7748000335693359,
        "Acc.cabinet": 0.22510000228881835,
        "Acc.car": 0.8229000091552734,
        "Acc.cat": 0.8375,
        "Acc.ceiling": 0.357400016784668,
        "Acc.chair": 0.35450000762939454,
        "Acc.cloth": 0.2193000030517578,
        "Acc.computer": 0.2646999931335449,
        "Acc.cow": 0.8569999694824219,
        "Acc.cup": 0.1931999969482422,
        "Acc.curtain": 0.3168000030517578,
        "Acc.dog": 0.7908000183105469,
        "Acc.door": 0.3793000030517578,
        "Acc.fence": 0.1809000015258789,
        "Acc.floor": 0.4122999954223633,
        "Acc.flower": 0.4393000030517578,
        "Acc.food": 0.8177999877929687,
        "Acc.grass": 0.5631999969482422,
        "Acc.ground": 0.24399999618530274,
        "Acc.horse": 0.9030000305175782,
        "Acc.keyboard": 0.5058000183105469,
        "Acc.light": 0.5377999877929688,
        "Acc.motorbike": 0.6525,
        "Acc.mountain": 0.33599998474121096,
        "Acc.mouse": 0.30889999389648437,
        "Acc.person": 0.37270000457763675,
        "Acc.plate": 0.22120000839233397,
        "Acc.platform": 0.12539999961853027,
        "Acc.pottedplant": 0.6218999862670899,
        "Acc.road": 0.36509998321533205,
        "Acc.rock": 0.4225,
        "Acc.sheep": 0.7783000183105468,
        "Acc.shelves": 0.10170000076293945,
        "Acc.sidewalk": 0.46450000762939453,
        "Acc.sign": 0.30790000915527344,
        "Acc.sky": 0.30209999084472655,
        "Acc.snow": 0.6168999862670899,
        "Acc.sofa": 0.39290000915527346,
        "Acc.table": 0.5245999908447265,
        "Acc.track": 0.03859999895095825,
        "Acc.train": 0.7454000091552735,
        "Acc.tree": 0.30790000915527344,
        "Acc.truck": 0.4625,
        "Acc.tvmonitor": 0.37290000915527344,
        "Acc.wall": 0.1840999984741211,
        "Acc.water": 0.5363999938964844,
        "Acc.window": 0.2772999954223633,
        "Acc.wood": 0.34130001068115234,
        "Prec.aeroplane": 0.27670000076293944,
        "Prec.bag": 0.12319999694824219,
        "Prec.bed": 0.09579999923706055,
        "Prec.bedclothes": 0.20079999923706054,
        "Prec.bench": 0.07110000133514405,
        "Prec.bicycle": 0.45849998474121095,
        "Prec.bird": 0.34040000915527346,
        "Prec.boat": 0.2221999931335449,
        "Prec.book": 0.40849998474121096,
        "Prec.bottle": 0.5258000183105469,
        "Prec.building": 0.6954000091552734,
        "Prec.bus": 0.783499984741211,
        "Prec.cabinet": 0.09899999618530274,
        "Prec.car": 0.5204000091552734,
        "Prec.cat": 0.7809999847412109,
        "Prec.ceiling": 0.25940000534057617,
        "Prec.chair": 0.44799999237060545,
        "Prec.cloth": 0.06139999866485596,
        "Prec.computer": 0.10689999580383301,
        "Prec.cow": 0.4743000030517578,
        "Prec.cup": 0.03369999885559082,
        "Prec.curtain": 0.24329999923706055,
        "Prec.dog": 0.7211000061035157,
        "Prec.door": 0.1168000030517578,
        "Prec.fence": 0.4306000137329102,
        "Prec.floor": 0.5402999877929687,
        "Prec.flower": 0.19329999923706054,
        "Prec.food": 0.05570000171661377,
        "Prec.grass": 0.6812999725341797,
        "Prec.ground": 0.26780000686645505,
        "Prec.horse": 0.4331000137329102,
        "Prec.keyboard": 0.38209999084472657,
        "Prec.light": 0.08180000305175782,
        "Prec.motorbike": 0.6333000183105468,
        "Prec.mountain": 0.3729999923706055,
        "Prec.mouse": 0.004199999868869781,
        "Prec.person": 0.6177999877929687,
        "Prec.plate": 0.024700000286102294,
        "Prec.platform": 0.06989999771118165,
        "Prec.pottedplant": 0.37279998779296875,
        "Prec.road": 0.41080001831054686,
        "Prec.rock": 0.29920000076293946,
        "Prec.sheep": 0.6072000122070312,
        "Prec.shelves": 0.22579999923706054,
        "Prec.sidewalk": 0.07900000095367432,
        "Prec.sign": 0.10779999732971192,
        "Prec.sky": 0.9726000213623047,
        "Prec.snow": 0.4386000061035156,
        "Prec.sofa": 0.5913999938964843,
        "Prec.table": 0.13199999809265137,
        "Prec.track": 0.04230000019073486,
        "Prec.train": 0.48060001373291017,
        "Prec.tree": 0.7919999694824219,
        "Prec.truck": 0.04809999942779541,
        "Prec.tvmonitor": 0.543499984741211,
        "Prec.wall": 0.4866999816894531,
        "Prec.water": 0.6411000061035156,
        "Prec.window": 0.30290000915527343,
        "Prec.wood": 0.06699999809265136
    }
}