{
    "config": "configs/maskclip_text/maskclip_text_vit16_520x520_pascal_context_59.py",
    "metric": {
        "aAcc": 0.42200000000000004,
        "mIoU": 0.2291,
        "mAcc": 0.4542,
        "mPrec": 0.34729999999999994,
        "IoU.aeroplane": 0.26629999160766604,
        "IoU.bag": 0.10479999542236328,
        "IoU.bed": 0.08579999923706055,
        "IoU.bedclothes": 0.12689999580383302,
        "IoU.bench": 0.05059999942779541,
        "IoU.bicycle": 0.40950000762939454,
        "IoU.bird": 0.32849998474121095,
        "IoU.boat": 0.21129999160766602,
        "IoU.book": 0.18100000381469727,
        "IoU.bottle": 0.39689998626708983,
        "IoU.building": 0.10050000190734863,
        "IoU.bus": 0.6379999923706055,
        "IoU.cabinet": 0.07420000076293945,
        "IoU.car": 0.4672999954223633,
        "IoU.cat": 0.6783000183105469,
        "IoU.ceiling": 0.17690000534057618,
        "IoU.chair": 0.24600000381469728,
        "IoU.cloth": 0.050399999618530276,
        "IoU.computer": 0.08239999771118164,
        "IoU.cow": 0.4393000030517578,
        "IoU.cup": 0.02950000047683716,
        "IoU.curtain": 0.15960000038146974,
        "IoU.dog": 0.6054000091552735,
        "IoU.door": 0.09810000419616699,
        "IoU.fence": 0.14600000381469727,
        "IoU.floor": 0.3053000068664551,
        "IoU.flower": 0.155,
        "IoU.food": 0.055,
        "IoU.grass": 0.44599998474121094,
        "IoU.ground": 0.14649999618530274,
        "IoU.horse": 0.41389999389648435,
        "IoU.keyboard": 0.2781999969482422,
        "IoU.light": 0.07639999866485596,
        "IoU.motorbike": 0.4736000061035156,
        "IoU.mountain": 0.21469999313354493,
        "IoU.mouse": 0.004199999868869781,
        "IoU.person": 0.3028000068664551,
        "IoU.plate": 0.022699999809265136,
        "IoU.platform": 0.04699999809265137,
        "IoU.pottedplant": 0.3039999961853027,
        "IoU.road": 0.23920000076293946,
        "IoU.rock": 0.21229999542236327,
        "IoU.sheep": 0.5161000061035156,
        "IoU.shelves": 0.07539999961853028,
        "IoU.sidewalk": 0.07239999771118164,
        "IoU.sign": 0.08659999847412109,
        "IoU.sky": 0.29950000762939455,
        "IoU.snow": 0.3447000122070312,
        "IoU.sofa": 0.308799991607666,
        "IoU.table": 0.11800000190734863,
        "IoU.track": 0.02059999942779541,
        "IoU.train": 0.4127999877929687,
        "IoU.tree": 0.2851000022888184,
        "IoU.truck": 0.04550000190734863,
        "IoU.tvmonitor": 0.2836000061035156,
        "IoU.wall": 0.15420000076293947,
        "IoU.water": 0.4125,
        "IoU.window": 0.16870000839233398,
        "IoU.wood": 0.05929999828338623,
        "Acc.aeroplane": 0.8761000061035156,
        "Acc.bag": 0.41259998321533203,
        "Acc.bed": 0.4515000152587891,
        "Acc.bedclothes": 0.2568000030517578,
        "Acc.bench": 0.14760000228881837,
        "Acc.bicycle": 0.7933999633789063,
        "Acc.bird": 0.9031999969482422,
        "Acc.boat": 0.8125,
        "Acc.book": 0.24520000457763672,
        "Acc.bottle": 0.6181999969482422,
        "Acc.building": 0.10510000228881836,
        "Acc.bus": 0.7744999694824218,
        "Acc.cabinet": 0.22610000610351563,
        "Acc.car": 0.8229000091552734,
        "Acc.cat": 0.8375,
        "Acc.ceiling": 0.357400016784668,
        "Acc.chair": 0.35319999694824217,
        "Acc.cloth": 0.2193000030517578,
        "Acc.computer": 0.2646999931335449,
        "Acc.cow": 0.8569999694824219,
        "Acc.cup": 0.1931999969482422,
        "Acc.curtain": 0.3168000030517578,
        "Acc.dog": 0.7906999969482422,
        "Acc.door": 0.3793000030517578,
        "Acc.fence": 0.1809000015258789,
        "Acc.floor": 0.4122999954223633,
        "Acc.flower": 0.4393000030517578,
        "Acc.food": 0.8177999877929687,
        "Acc.grass": 0.5638999938964844,
        "Acc.ground": 0.24379999160766602,
        "Acc.horse": 0.9030000305175782,
        "Acc.keyboard": 0.5058000183105469,
        "Acc.light": 0.537400016784668,
        "Acc.motorbike": 0.6525,
        "Acc.mountain": 0.33599998474121096,
        "Acc.mouse": 0.30889999389648437,
        "Acc.person": 0.37270000457763675,
        "Acc.plate": 0.22120000839233397,
        "Acc.platform": 0.12539999961853027,
        "Acc.pottedplant": 0.6218999862670899,
        "Acc.road": 0.364900016784668,
        "Acc.rock": 0.4225,
        "Acc.sheep": 0.7783000183105468,
        "Acc.shelves": 0.10170000076293945,
        "Acc.sidewalk": 0.46450000762939453,
        "Acc.sign": 0.3079999923706055,
        "Acc.sky": 0.30209999084472655,
        "Acc.snow": 0.6168999862670899,
        "Acc.sofa": 0.3925,
        "Acc.table": 0.5252000045776367,
        "Acc.track": 0.03869999885559082,
        "Acc.train": 0.7454000091552735,
        "Acc.tree": 0.30809999465942384,
        "Acc.truck": 0.4625,
        "Acc.tvmonitor": 0.37290000915527344,
        "Acc.wall": 0.1840999984741211,
        "Acc.water": 0.5363999938964844,
        "Acc.window": 0.276299991607666,
        "Acc.wood": 0.34130001068115234,
        "Prec.aeroplane": 0.27670000076293944,
        "Prec.bag": 0.12319999694824219,
        "Prec.bed": 0.09579999923706055,
        "Prec.bedclothes": 0.20059999465942382,
        "Prec.bench": 0.07139999866485595,
        "Prec.bicycle": 0.4583000183105469,
        "Prec.bird": 0.34049999237060546,
        "Prec.boat": 0.2221999931335449,
        "Prec.book": 0.40849998474121096,
        "Prec.bottle": 0.5258000183105469,
        "Prec.building": 0.6955000305175781,
        "Prec.bus": 0.7836000061035157,
        "Prec.cabinet": 0.099399995803833,
        "Prec.car": 0.5195999908447265,
        "Prec.cat": 0.7811000061035156,
        "Prec.ceiling": 0.25940000534057617,
        "Prec.chair": 0.447599983215332,
        "Prec.cloth": 0.06139999866485596,
        "Prec.computer": 0.10689999580383301,
        "Prec.cow": 0.4740999984741211,
        "Prec.cup": 0.03369999885559082,
        "Prec.curtain": 0.24329999923706055,
        "Prec.dog": 0.7208999633789063,
        "Prec.door": 0.1168000030517578,
        "Prec.fence": 0.4311000061035156,
        "Prec.floor": 0.5404000091552734,
        "Prec.flower": 0.19329999923706054,
        "Prec.food": 0.05570000171661377,
        "Prec.grass": 0.6808999633789062,
        "Prec.ground": 0.26860000610351564,
        "Prec.horse": 0.4331999969482422,
        "Prec.keyboard": 0.38209999084472657,
        "Prec.light": 0.08180000305175782,
        "Prec.motorbike": 0.6334000015258789,
        "Prec.mountain": 0.37279998779296875,
        "Prec.mouse": 0.004199999868869781,
        "Prec.person": 0.6177999877929687,
        "Prec.plate": 0.024700000286102294,
        "Prec.platform": 0.06980000019073486,
        "Prec.pottedplant": 0.37290000915527344,
        "Prec.road": 0.409900016784668,
        "Prec.rock": 0.29920000076293946,
        "Prec.sheep": 0.605099983215332,
        "Prec.shelves": 0.22579999923706054,
        "Prec.sidewalk": 0.07900000095367432,
        "Prec.sign": 0.10760000228881836,
        "Prec.sky": 0.9726000213623047,
        "Prec.snow": 0.4386000061035156,
        "Prec.sofa": 0.5913000106811523,
        "Prec.table": 0.13210000038146974,
        "Prec.track": 0.04239999771118164,
        "Prec.train": 0.4804999923706055,
        "Prec.tree": 0.7920999908447266,
        "Prec.truck": 0.04809999942779541,
        "Prec.tvmonitor": 0.5420999908447266,
        "Prec.wall": 0.4866999816894531,
        "Prec.water": 0.6411000061035156,
        "Prec.window": 0.3021999931335449,
        "Prec.wood": 0.06699999809265136
    }
}