{
    "config": "configs/maskclip_text/maskclip_text_vit16_520x520_pascal_context_59.py",
    "metric": {
        "aAcc": 0.4457,
        "mIoU": 0.24960000000000002,
        "mAcc": 0.465,
        "mPrec": 0.3766,
        "IoU.aeroplane": 0.32930000305175783,
        "IoU.bag": 0.13550000190734862,
        "IoU.bed": 0.08399999618530274,
        "IoU.bedclothes": 0.13590000152587892,
        "IoU.bench": 0.06380000114440917,
        "IoU.bicycle": 0.46279998779296877,
        "IoU.bird": 0.4084000015258789,
        "IoU.boat": 0.2434000015258789,
        "IoU.book": 0.19399999618530273,
        "IoU.bottle": 0.43560001373291013,
        "IoU.building": 0.10130000114440918,
        "IoU.bus": 0.6604000091552734,
        "IoU.cabinet": 0.08670000076293945,
        "IoU.car": 0.5252999877929687,
        "IoU.cat": 0.695,
        "IoU.ceiling": 0.20649999618530274,
        "IoU.chair": 0.2730999946594238,
        "IoU.cloth": 0.04869999885559082,
        "IoU.computer": 0.10420000076293945,
        "IoU.cow": 0.4909999847412109,
        "IoU.cup": 0.04289999961853028,
        "IoU.curtain": 0.1734000015258789,
        "IoU.dog": 0.6222000122070312,
        "IoU.door": 0.10989999771118164,
        "IoU.fence": 0.15279999732971192,
        "IoU.floor": 0.36139999389648436,
        "IoU.flower": 0.15689999580383301,
        "IoU.food": 0.05460000038146973,
        "IoU.grass": 0.44029998779296875,
        "IoU.ground": 0.15720000267028808,
        "IoU.horse": 0.45360000610351564,
        "IoU.keyboard": 0.31290000915527344,
        "IoU.light": 0.08529999732971191,
        "IoU.motorbike": 0.5291999816894531,
        "IoU.mountain": 0.22920000076293945,
        "IoU.mouse": 0.008899999856948853,
        "IoU.person": 0.3420999908447266,
        "IoU.plate": 0.02430000066757202,
        "IoU.platform": 0.0421999979019165,
        "IoU.pottedplant": 0.3265000152587891,
        "IoU.road": 0.2775,
        "IoU.rock": 0.23549999237060548,
        "IoU.sheep": 0.5370000076293945,
        "IoU.shelves": 0.08909999847412109,
        "IoU.sidewalk": 0.07869999885559081,
        "IoU.sign": 0.10680000305175781,
        "IoU.sky": 0.34180000305175784,
        "IoU.snow": 0.34700000762939454,
        "IoU.sofa": 0.31979999542236326,
        "IoU.table": 0.13520000457763673,
        "IoU.track": 0.012799999713897704,
        "IoU.train": 0.4154000091552734,
        "IoU.tree": 0.2902000045776367,
        "IoU.truck": 0.04989999771118164,
        "IoU.tvmonitor": 0.27930000305175784,
        "IoU.wall": 0.18799999237060547,
        "IoU.water": 0.47400001525878904,
        "IoU.window": 0.1768000030517578,
        "IoU.wood": 0.05929999828338623,
        "Acc.aeroplane": 0.8505000305175782,
        "Acc.bag": 0.41580001831054686,
        "Acc.bed": 0.4331999969482422,
        "Acc.bedclothes": 0.24549999237060546,
        "Acc.bench": 0.12859999656677246,
        "Acc.bicycle": 0.7912999725341797,
        "Acc.bird": 0.8727999877929687,
        "Acc.boat": 0.7787000274658203,
        "Acc.book": 0.2563999938964844,
        "Acc.bottle": 0.6213999938964844,
        "Acc.building": 0.10479999542236328,
        "Acc.bus": 0.7906999969482422,
        "Acc.cabinet": 0.23799999237060546,
        "Acc.car": 0.7868000030517578,
        "Acc.cat": 0.8133999633789063,
        "Acc.ceiling": 0.402599983215332,
        "Acc.chair": 0.3761999893188477,
        "Acc.cloth": 0.2621999931335449,
        "Acc.computer": 0.36200000762939455,
        "Acc.cow": 0.8681999969482422,
        "Acc.cup": 0.23450000762939452,
        "Acc.curtain": 0.3529999923706055,
        "Acc.dog": 0.7458999633789063,
        "Acc.door": 0.3956999969482422,
        "Acc.fence": 0.18649999618530275,
        "Acc.floor": 0.500099983215332,
        "Acc.flower": 0.43790000915527344,
        "Acc.food": 0.8148999786376954,
        "Acc.grass": 0.5368000030517578,
        "Acc.ground": 0.325099983215332,
        "Acc.horse": 0.9026999664306641,
        "Acc.keyboard": 0.45680000305175783,
        "Acc.light": 0.5720000076293945,
        "Acc.motorbike": 0.7008999633789063,
        "Acc.mountain": 0.3515999984741211,
        "Acc.mouse": 0.41779998779296873,
        "Acc.person": 0.46650001525878904,
        "Acc.plate": 0.2022999954223633,
        "Acc.platform": 0.08760000228881835,
        "Acc.pottedplant": 0.6336999893188476,
        "Acc.road": 0.40759998321533203,
        "Acc.rock": 0.46290000915527346,
        "Acc.sheep": 0.8066000366210937,
        "Acc.shelves": 0.11329999923706055,
        "Acc.sidewalk": 0.4718000030517578,
        "Acc.sign": 0.3086000061035156,
        "Acc.sky": 0.3440999984741211,
        "Acc.snow": 0.5818000030517578,
        "Acc.sofa": 0.402599983215332,
        "Acc.table": 0.5040999984741211,
        "Acc.track": 0.021300001144409178,
        "Acc.train": 0.7352999877929688,
        "Acc.tree": 0.31239999771118165,
        "Acc.truck": 0.43270000457763674,
        "Acc.tvmonitor": 0.3515999984741211,
        "Acc.wall": 0.22520000457763673,
        "Acc.water": 0.6029999923706054,
        "Acc.window": 0.2677000045776367,
        "Acc.wood": 0.35970001220703124,
        "Prec.aeroplane": 0.34959999084472654,
        "Prec.bag": 0.1672999954223633,
        "Prec.bed": 0.09430000305175781,
        "Prec.bedclothes": 0.23329999923706055,
        "Prec.bench": 0.11229999542236328,
        "Prec.bicycle": 0.5270999908447266,
        "Prec.bird": 0.4341999816894531,
        "Prec.boat": 0.26149999618530273,
        "Prec.book": 0.44369998931884763,
        "Prec.bottle": 0.5929999923706055,
        "Prec.building": 0.7504000091552734,
        "Prec.bus": 0.8004000091552734,
        "Prec.cabinet": 0.12010000228881836,
        "Prec.car": 0.6125,
        "Prec.cat": 0.8268000030517578,
        "Prec.ceiling": 0.29770000457763673,
        "Prec.chair": 0.4990999984741211,
        "Prec.cloth": 0.056500000953674315,
        "Prec.computer": 0.12770000457763672,
        "Prec.cow": 0.5306000137329101,
        "Prec.cup": 0.04989999771118164,
        "Prec.curtain": 0.25420000076293947,
        "Prec.dog": 0.7894999694824218,
        "Prec.door": 0.13199999809265137,
        "Prec.fence": 0.4583000183105469,
        "Prec.floor": 0.5658000183105468,
        "Prec.flower": 0.19649999618530273,
        "Prec.food": 0.055199999809265134,
        "Prec.grass": 0.71,
        "Prec.ground": 0.23340000152587892,
        "Prec.horse": 0.47689998626708985,
        "Prec.keyboard": 0.4983000183105469,
        "Prec.light": 0.09109999656677246,
        "Prec.motorbike": 0.6836000061035157,
        "Prec.mountain": 0.3970999908447266,
        "Prec.mouse": 0.008999999761581421,
        "Prec.person": 0.5618999862670898,
        "Prec.plate": 0.02690000057220459,
        "Prec.platform": 0.07519999980926513,
        "Prec.pottedplant": 0.40240001678466797,
        "Prec.road": 0.465,
        "Prec.rock": 0.3240000152587891,
        "Prec.sheep": 0.6163000106811524,
        "Prec.shelves": 0.293799991607666,
        "Prec.sidewalk": 0.08640000343322754,
        "Prec.sign": 0.14039999961853028,
        "Prec.sky": 0.9805999755859375,
        "Prec.snow": 0.4622999954223633,
        "Prec.sofa": 0.6084000015258789,
        "Prec.table": 0.1559000015258789,
        "Prec.track": 0.03130000114440918,
        "Prec.train": 0.4884000015258789,
        "Prec.tree": 0.8037999725341797,
        "Prec.truck": 0.053400001525878905,
        "Prec.tvmonitor": 0.5758000183105468,
        "Prec.wall": 0.5322000122070313,
        "Prec.water": 0.6890000152587891,
        "Prec.window": 0.34240001678466797,
        "Prec.wood": 0.06630000114440918
    }
}