{
    "config": "configs/maskclip_text/maskclip_text_r50_520x520_pascal_context_59.py",
    "metric": {
        "aAcc": 0.3981,
        "mIoU": 0.2054,
        "mAcc": 0.44880000000000003,
        "mPrec": 0.3239,
        "IoU.aeroplane": 0.27829999923706056,
        "IoU.bag": 0.1386999988555908,
        "IoU.bed": 0.06269999980926513,
        "IoU.bedclothes": 0.15710000038146973,
        "IoU.bench": 0.04110000133514404,
        "IoU.bicycle": 0.40880001068115235,
        "IoU.bird": 0.22329999923706054,
        "IoU.boat": 0.20510000228881836,
        "IoU.book": 0.10569999694824218,
        "IoU.bottle": 0.4045999908447266,
        "IoU.building": 0.15310000419616698,
        "IoU.bus": 0.5393999862670898,
        "IoU.cabinet": 0.16059999465942382,
        "IoU.car": 0.504900016784668,
        "IoU.cat": 0.5768999862670898,
        "IoU.ceiling": 0.21579999923706056,
        "IoU.chair": 0.23219999313354492,
        "IoU.cloth": 0.03720000028610229,
        "IoU.computer": 0.030999999046325683,
        "IoU.cow": 0.23420000076293945,
        "IoU.cup": 0.09189999580383301,
        "IoU.curtain": 0.15420000076293947,
        "IoU.dog": 0.4656999969482422,
        "IoU.door": 0.08729999542236327,
        "IoU.fence": 0.1418000030517578,
        "IoU.floor": 0.31040000915527344,
        "IoU.flower": 0.1518000030517578,
        "IoU.food": 0.12949999809265136,
        "IoU.grass": 0.3064999961853027,
        "IoU.ground": 0.08649999618530274,
        "IoU.horse": 0.24229999542236327,
        "IoU.keyboard": 0.1575,
        "IoU.light": 0.0425,
        "IoU.motorbike": 0.42889999389648437,
        "IoU.mountain": 0.19370000839233398,
        "IoU.mouse": 0.0,
        "IoU.person": 0.3053000068664551,
        "IoU.plate": 0.03180000066757202,
        "IoU.platform": 0.08850000381469726,
        "IoU.pottedplant": 0.32029998779296875,
        "IoU.road": 0.1972999954223633,
        "IoU.rock": 0.17149999618530273,
        "IoU.sheep": 0.14979999542236327,
        "IoU.shelves": 0.08770000457763671,
        "IoU.sidewalk": 0.10529999732971192,
        "IoU.sign": 0.16329999923706054,
        "IoU.sky": 0.42009998321533204,
        "IoU.snow": 0.25459999084472656,
        "IoU.sofa": 0.2947999954223633,
        "IoU.table": 0.24989999771118165,
        "IoU.track": 0.005199999809265137,
        "IoU.train": 0.4275,
        "IoU.tree": 0.23979999542236327,
        "IoU.truck": 0.060999999046325686,
        "IoU.tvmonitor": 0.2453000068664551,
        "IoU.wall": 0.09260000228881836,
        "IoU.water": 0.2827000045776367,
        "IoU.window": 0.14079999923706055,
        "IoU.wood": 0.08420000076293946,
        "Acc.aeroplane": 0.8741000366210937,
        "Acc.bag": 0.3895999908447266,
        "Acc.bed": 0.30510000228881834,
        "Acc.bedclothes": 0.31790000915527344,
        "Acc.bench": 0.2861000061035156,
        "Acc.bicycle": 0.8705000305175781,
        "Acc.bird": 0.7883000183105469,
        "Acc.boat": 0.7584999847412109,
        "Acc.book": 0.1402999973297119,
        "Acc.bottle": 0.6926999664306641,
        "Acc.building": 0.1590999984741211,
        "Acc.bus": 0.8766000366210938,
        "Acc.cabinet": 0.26530000686645505,
        "Acc.car": 0.7729000091552735,
        "Acc.cat": 0.7512000274658203,
        "Acc.ceiling": 0.33790000915527346,
        "Acc.chair": 0.30700000762939456,
        "Acc.cloth": 0.07920000076293945,
        "Acc.computer": 0.8430000305175781,
        "Acc.cow": 0.780199966430664,
        "Acc.cup": 0.19889999389648438,
        "Acc.curtain": 0.4259999847412109,
        "Acc.dog": 0.7401999664306641,
        "Acc.door": 0.345,
        "Acc.fence": 0.4986000061035156,
        "Acc.floor": 0.4168000030517578,
        "Acc.flower": 0.39869998931884765,
        "Acc.food": 0.7097000122070313,
        "Acc.grass": 0.33119998931884764,
        "Acc.ground": 0.09930000305175782,
        "Acc.horse": 0.9152999877929687,
        "Acc.keyboard": 0.2578000068664551,
        "Acc.light": 0.2109000015258789,
        "Acc.motorbike": 0.7827999877929688,
        "Acc.mountain": 0.344900016784668,
        "Acc.mouse": 0.008999999761581421,
        "Acc.person": 0.37040000915527344,
        "Acc.plate": 0.08319999694824219,
        "Acc.platform": 0.5236000061035156,
        "Acc.pottedplant": 0.749000015258789,
        "Acc.road": 0.25579999923706054,
        "Acc.rock": 0.3438999938964844,
        "Acc.sheep": 0.8630000305175781,
        "Acc.shelves": 0.3365999984741211,
        "Acc.sidewalk": 0.42150001525878905,
        "Acc.sign": 0.325,
        "Acc.sky": 0.4336000061035156,
        "Acc.snow": 0.6480999755859375,
        "Acc.sofa": 0.6195000076293945,
        "Acc.table": 0.4652000045776367,
        "Acc.track": 0.019299999475479127,
        "Acc.train": 0.7926000213623047,
        "Acc.tree": 0.24860000610351562,
        "Acc.truck": 0.3315999984741211,
        "Acc.tvmonitor": 0.3788000106811523,
        "Acc.wall": 0.10060000419616699,
        "Acc.water": 0.3313999938964844,
        "Acc.window": 0.32479999542236326,
        "Acc.wood": 0.23049999237060548,
        "Prec.aeroplane": 0.29,
        "Prec.bag": 0.17719999313354493,
        "Prec.bed": 0.07309999942779541,
        "Prec.bedclothes": 0.23690000534057618,
        "Prec.bench": 0.045799999237060546,
        "Prec.bicycle": 0.43529998779296875,
        "Prec.bird": 0.2375,
        "Prec.boat": 0.21940000534057616,
        "Prec.book": 0.3,
        "Prec.bottle": 0.4931999969482422,
        "Prec.building": 0.8023999786376953,
        "Prec.bus": 0.5838000106811524,
        "Prec.cabinet": 0.2893000030517578,
        "Prec.car": 0.5927999877929687,
        "Prec.cat": 0.7131999969482422,
        "Prec.ceiling": 0.37400001525878906,
        "Prec.chair": 0.48790000915527343,
        "Prec.cloth": 0.06550000190734863,
        "Prec.computer": 0.03119999885559082,
        "Prec.cow": 0.2506999969482422,
        "Prec.cup": 0.1459000015258789,
        "Prec.curtain": 0.19459999084472657,
        "Prec.dog": 0.5566999816894531,
        "Prec.door": 0.10460000038146973,
        "Prec.fence": 0.16540000915527345,
        "Prec.floor": 0.5486999893188477,
        "Prec.flower": 0.19690000534057617,
        "Prec.food": 0.13670000076293945,
        "Prec.grass": 0.8041000366210938,
        "Prec.ground": 0.40169998168945314,
        "Prec.horse": 0.2478000068664551,
        "Prec.keyboard": 0.2880999946594238,
        "Prec.light": 0.05050000190734863,
        "Prec.motorbike": 0.48689998626708986,
        "Prec.mountain": 0.30639999389648437,
        "Prec.mouse": 0.0,
        "Prec.person": 0.6347000122070312,
        "Prec.plate": 0.049099998474121095,
        "Prec.platform": 0.09619999885559082,
        "Prec.pottedplant": 0.35880001068115236,
        "Prec.road": 0.46310001373291015,
        "Prec.rock": 0.25489999771118166,
        "Prec.sheep": 0.15350000381469728,
        "Prec.shelves": 0.10609999656677246,
        "Prec.sidewalk": 0.123100004196167,
        "Prec.sign": 0.24709999084472656,
        "Prec.sky": 0.9312000274658203,
        "Prec.snow": 0.2954999923706055,
        "Prec.sofa": 0.36,
        "Prec.table": 0.35060001373291017,
        "Prec.track": 0.00699999988079071,
        "Prec.train": 0.48130001068115236,
        "Prec.tree": 0.8712999725341797,
        "Prec.truck": 0.06960000038146973,
        "Prec.tvmonitor": 0.4102999877929687,
        "Prec.wall": 0.5393000030517578,
        "Prec.water": 0.6579000091552735,
        "Prec.window": 0.19899999618530273,
        "Prec.wood": 0.11710000038146973
    }
}