{
    "config": "configs/maskclip/maskclip_vit16_520x520_pascal_context_59.py",
    "metric": {
        "aAcc": 0.4065,
        "mIoU": 0.2168,
        "mAcc": 0.413,
        "mPrec": 0.34630000000000005,
        "IoU.aeroplane": 0.31739999771118166,
        "IoU.bag": 0.09560000419616699,
        "IoU.bed": 0.07670000076293945,
        "IoU.bedclothes": 0.0934000015258789,
        "IoU.bench": 0.043600001335144044,
        "IoU.bicycle": 0.40169998168945314,
        "IoU.bird": 0.4109999847412109,
        "IoU.boat": 0.21350000381469728,
        "IoU.book": 0.193799991607666,
        "IoU.bottle": 0.2940999984741211,
        "IoU.building": 0.0840999984741211,
        "IoU.bus": 0.5520000076293945,
        "IoU.cabinet": 0.05679999828338623,
        "IoU.car": 0.4552000045776367,
        "IoU.cat": 0.6304000091552734,
        "IoU.ceiling": 0.15770000457763672,
        "IoU.chair": 0.23959999084472655,
        "IoU.cloth": 0.041700000762939456,
        "IoU.computer": 0.07570000171661377,
        "IoU.cow": 0.41259998321533203,
        "IoU.cup": 0.032200000286102294,
        "IoU.curtain": 0.14569999694824218,
        "IoU.dog": 0.5488000106811524,
        "IoU.door": 0.09279999732971192,
        "IoU.fence": 0.1365999984741211,
        "IoU.floor": 0.30559999465942383,
        "IoU.flower": 0.13079999923706054,
        "IoU.food": 0.04010000228881836,
        "IoU.grass": 0.42950000762939455,
        "IoU.ground": 0.15079999923706056,
        "IoU.horse": 0.4361999893188477,
        "IoU.keyboard": 0.30190000534057615,
        "IoU.light": 0.0759000015258789,
        "IoU.motorbike": 0.42,
        "IoU.mountain": 0.20540000915527343,
        "IoU.mouse": 0.008899999856948853,
        "IoU.person": 0.2784000015258789,
        "IoU.plate": 0.02049999952316284,
        "IoU.platform": 0.012599999904632569,
        "IoU.pottedplant": 0.23940000534057618,
        "IoU.road": 0.26260000228881836,
        "IoU.rock": 0.18790000915527344,
        "IoU.sheep": 0.5118999862670899,
        "IoU.shelves": 0.06059999942779541,
        "IoU.sidewalk": 0.06480000019073487,
        "IoU.sign": 0.06349999904632568,
        "IoU.sky": 0.36639999389648437,
        "IoU.snow": 0.2880999946594238,
        "IoU.sofa": 0.27,
        "IoU.table": 0.08069999694824219,
        "IoU.track": 0.008199999928474427,
        "IoU.train": 0.3793000030517578,
        "IoU.tree": 0.3072999954223633,
        "IoU.truck": 0.03740000009536743,
        "IoU.tvmonitor": 0.2093000030517578,
        "IoU.wall": 0.20190000534057617,
        "IoU.water": 0.4316999816894531,
        "IoU.window": 0.14899999618530274,
        "IoU.wood": 0.05150000095367432,
        "Acc.aeroplane": 0.7565000152587891,
        "Acc.bag": 0.34400001525878904,
        "Acc.bed": 0.3609999847412109,
        "Acc.bedclothes": 0.18790000915527344,
        "Acc.bench": 0.09399999618530273,
        "Acc.bicycle": 0.6755000305175781,
        "Acc.bird": 0.7477999877929687,
        "Acc.boat": 0.6313999938964844,
        "Acc.book": 0.2745999908447266,
        "Acc.bottle": 0.41450000762939454,
        "Acc.building": 0.08779999732971192,
        "Acc.bus": 0.6322000122070313,
        "Acc.cabinet": 0.19180000305175782,
        "Acc.car": 0.6833000183105469,
        "Acc.cat": 0.7308999633789063,
        "Acc.ceiling": 0.4068000030517578,
        "Acc.chair": 0.3295999908447266,
        "Acc.cloth": 0.24100000381469727,
        "Acc.computer": 0.18780000686645507,
        "Acc.cow": 0.7547000122070312,
        "Acc.cup": 0.26329999923706054,
        "Acc.curtain": 0.32380001068115233,
        "Acc.dog": 0.6462000274658203,
        "Acc.door": 0.4545000076293945,
        "Acc.fence": 0.16489999771118163,
        "Acc.floor": 0.43279998779296874,
        "Acc.flower": 0.42279998779296873,
        "Acc.food": 0.7630999755859375,
        "Acc.grass": 0.5636000061035156,
        "Acc.ground": 0.2854000091552734,
        "Acc.horse": 0.7897000122070312,
        "Acc.keyboard": 0.5231000137329102,
        "Acc.light": 0.5843000030517578,
        "Acc.motorbike": 0.5402000045776367,
        "Acc.mountain": 0.3388999938964844,
        "Acc.mouse": 0.49959999084472656,
        "Acc.person": 0.35880001068115236,
        "Acc.plate": 0.24639999389648437,
        "Acc.platform": 0.019199999570846556,
        "Acc.pottedplant": 0.5133000183105468,
        "Acc.road": 0.39860000610351565,
        "Acc.rock": 0.44290000915527344,
        "Acc.sheep": 0.6661000061035156,
        "Acc.shelves": 0.07599999904632568,
        "Acc.sidewalk": 0.45630001068115233,
        "Acc.sign": 0.20639999389648436,
        "Acc.sky": 0.37150001525878906,
        "Acc.snow": 0.5238000106811523,
        "Acc.sofa": 0.32060001373291014,
        "Acc.table": 0.36,
        "Acc.track": 0.012000000476837159,
        "Acc.train": 0.6191999816894531,
        "Acc.tree": 0.33799999237060546,
        "Acc.truck": 0.42900001525878906,
        "Acc.tvmonitor": 0.2568000030517578,
        "Acc.wall": 0.25799999237060545,
        "Acc.water": 0.5922999954223633,
        "Acc.window": 0.21760000228881837,
        "Acc.wood": 0.35580001831054686,
        "Prec.aeroplane": 0.3534999847412109,
        "Prec.bag": 0.116899995803833,
        "Prec.bed": 0.08869999885559082,
        "Prec.bedclothes": 0.1565999984741211,
        "Prec.bench": 0.07510000228881836,
        "Prec.bicycle": 0.49779998779296875,
        "Prec.bird": 0.47720001220703123,
        "Prec.boat": 0.24389999389648437,
        "Prec.book": 0.39740001678466796,
        "Prec.bottle": 0.5031000137329101,
        "Prec.building": 0.6683000183105469,
        "Prec.bus": 0.8131999969482422,
        "Prec.cabinet": 0.07460000038146973,
        "Prec.car": 0.5770000076293945,
        "Prec.cat": 0.8208999633789062,
        "Prec.ceiling": 0.20479999542236327,
        "Prec.chair": 0.46740001678466797,
        "Prec.cloth": 0.048000001907348634,
        "Prec.computer": 0.11260000228881836,
        "Prec.cow": 0.47650001525878904,
        "Prec.cup": 0.03539999961853027,
        "Prec.curtain": 0.2093000030517578,
        "Prec.dog": 0.7845999908447265,
        "Prec.door": 0.10449999809265137,
        "Prec.fence": 0.44310001373291014,
        "Prec.floor": 0.5095999908447265,
        "Prec.flower": 0.15930000305175782,
        "Prec.food": 0.04059999942779541,
        "Prec.grass": 0.643499984741211,
        "Prec.ground": 0.24239999771118165,
        "Prec.horse": 0.4936000061035156,
        "Prec.keyboard": 0.41650001525878905,
        "Prec.light": 0.08020000457763672,
        "Prec.motorbike": 0.6537000274658203,
        "Prec.mountain": 0.3427999877929688,
        "Prec.mouse": 0.008999999761581421,
        "Prec.person": 0.5540000152587891,
        "Prec.plate": 0.02190000057220459,
        "Prec.platform": 0.03509999990463257,
        "Prec.pottedplant": 0.3097999954223633,
        "Prec.road": 0.4347999954223633,
        "Prec.rock": 0.24600000381469728,
        "Prec.sheep": 0.6886000061035156,
        "Prec.shelves": 0.23059999465942382,
        "Prec.sidewalk": 0.07019999980926514,
        "Prec.sign": 0.08390000343322754,
        "Prec.sky": 0.9638999938964844,
        "Prec.snow": 0.39029998779296876,
        "Prec.sofa": 0.6311000061035156,
        "Prec.table": 0.09420000076293945,
        "Prec.track": 0.024600000381469728,
        "Prec.train": 0.49459999084472656,
        "Prec.tree": 0.7720999908447266,
        "Prec.truck": 0.03930000066757202,
        "Prec.tvmonitor": 0.5309000015258789,
        "Prec.wall": 0.48130001068115236,
        "Prec.water": 0.6143000030517578,
        "Prec.window": 0.32119998931884763,
        "Prec.wood": 0.05679999828338623
    }
}