{
    "config": "configs/maskclip/maskclip_r50_520x520_pascal_context_59.py",
    "metric": {
        "aAcc": 0.35960000000000003,
        "mIoU": 0.18460000000000001,
        "mAcc": 0.39130000000000004,
        "mPrec": 0.3038,
        "IoU.aeroplane": 0.340099983215332,
        "IoU.bag": 0.10270000457763671,
        "IoU.bed": 0.043400001525878903,
        "IoU.bedclothes": 0.1034000015258789,
        "IoU.bench": 0.02440000057220459,
        "IoU.bicycle": 0.4070999908447266,
        "IoU.bird": 0.3452000045776367,
        "IoU.boat": 0.1477999973297119,
        "IoU.book": 0.11020000457763672,
        "IoU.bottle": 0.3579000091552734,
        "IoU.building": 0.1447000026702881,
        "IoU.bus": 0.49439998626708986,
        "IoU.cabinet": 0.13600000381469726,
        "IoU.car": 0.46669998168945315,
        "IoU.cat": 0.5088000106811523,
        "IoU.ceiling": 0.17489999771118164,
        "IoU.chair": 0.1934000015258789,
        "IoU.cloth": 0.03920000076293945,
        "IoU.computer": 0.017000000476837158,
        "IoU.cow": 0.11140000343322753,
        "IoU.cup": 0.09770000457763672,
        "IoU.curtain": 0.12640000343322755,
        "IoU.dog": 0.4191999816894531,
        "IoU.door": 0.07860000133514404,
        "IoU.fence": 0.11640000343322754,
        "IoU.floor": 0.278799991607666,
        "IoU.flower": 0.1259000015258789,
        "IoU.food": 0.12640000343322755,
        "IoU.grass": 0.36029998779296873,
        "IoU.ground": 0.0671999979019165,
        "IoU.horse": 0.1997999954223633,
        "IoU.keyboard": 0.243700008392334,
        "IoU.light": 0.03180000066757202,
        "IoU.motorbike": 0.42220001220703124,
        "IoU.mountain": 0.13770000457763673,
        "IoU.mouse": 0.00029999999329447744,
        "IoU.person": 0.18399999618530274,
        "IoU.plate": 0.031099998950958253,
        "IoU.platform": 0.0571999979019165,
        "IoU.pottedplant": 0.22930000305175782,
        "IoU.road": 0.20110000610351564,
        "IoU.rock": 0.10850000381469727,
        "IoU.sheep": 0.07420000076293945,
        "IoU.shelves": 0.07510000228881836,
        "IoU.sidewalk": 0.09270000457763672,
        "IoU.sign": 0.13600000381469726,
        "IoU.sky": 0.5170000076293946,
        "IoU.snow": 0.2077000045776367,
        "IoU.sofa": 0.261200008392334,
        "IoU.table": 0.2,
        "IoU.track": 0.0040999999642372135,
        "IoU.train": 0.37189998626708987,
        "IoU.tree": 0.28049999237060547,
        "IoU.truck": 0.049099998474121095,
        "IoU.tvmonitor": 0.19260000228881835,
        "IoU.wall": 0.10010000228881837,
        "IoU.water": 0.23610000610351561,
        "IoU.window": 0.105600004196167,
        "IoU.wood": 0.0734000015258789,
        "Acc.aeroplane": 0.765,
        "Acc.bag": 0.33099998474121095,
        "Acc.bed": 0.23010000228881836,
        "Acc.bedclothes": 0.2514999961853027,
        "Acc.bench": 0.225,
        "Acc.bicycle": 0.7829000091552735,
        "Acc.bird": 0.6558000183105469,
        "Acc.boat": 0.5145000076293945,
        "Acc.book": 0.15079999923706056,
        "Acc.bottle": 0.5356999969482422,
        "Acc.building": 0.15050000190734864,
        "Acc.bus": 0.6561000061035156,
        "Acc.cabinet": 0.22170000076293944,
        "Acc.car": 0.6506999969482422,
        "Acc.cat": 0.6061999893188477,
        "Acc.ceiling": 0.34970001220703123,
        "Acc.chair": 0.2493000030517578,
        "Acc.cloth": 0.08220000267028808,
        "Acc.computer": 0.6812999725341797,
        "Acc.cow": 0.4129000091552734,
        "Acc.cup": 0.25809999465942385,
        "Acc.curtain": 0.41060001373291016,
        "Acc.dog": 0.5456999969482422,
        "Acc.door": 0.4259000015258789,
        "Acc.fence": 0.5131999969482421,
        "Acc.floor": 0.414900016784668,
        "Acc.flower": 0.3831999969482422,
        "Acc.food": 0.6637999725341797,
        "Acc.grass": 0.4031999969482422,
        "Acc.ground": 0.0746999979019165,
        "Acc.horse": 0.7481999969482422,
        "Acc.keyboard": 0.5177999877929688,
        "Acc.light": 0.20510000228881836,
        "Acc.motorbike": 0.5952999877929688,
        "Acc.mountain": 0.34759998321533203,
        "Acc.mouse": 0.1447000026702881,
        "Acc.person": 0.21719999313354493,
        "Acc.plate": 0.10859999656677247,
        "Acc.platform": 0.3031999969482422,
        "Acc.pottedplant": 0.5940000152587891,
        "Acc.road": 0.25959999084472657,
        "Acc.rock": 0.32669998168945313,
        "Acc.sheep": 0.6020000076293945,
        "Acc.shelves": 0.3054999923706055,
        "Acc.sidewalk": 0.42540000915527343,
        "Acc.sign": 0.2763999938964844,
        "Acc.sky": 0.5529000091552735,
        "Acc.snow": 0.6220999908447266,
        "Acc.sofa": 0.5190999984741211,
        "Acc.table": 0.32029998779296875,
        "Acc.track": 0.01309999942779541,
        "Acc.train": 0.6477999877929688,
        "Acc.tree": 0.29489999771118164,
        "Acc.truck": 0.3358000183105469,
        "Acc.tvmonitor": 0.28200000762939453,
        "Acc.wall": 0.11180000305175782,
        "Acc.water": 0.29639999389648436,
        "Acc.window": 0.26610000610351564,
        "Acc.wood": 0.2511000061035156,
        "Prec.aeroplane": 0.37970001220703126,
        "Prec.bag": 0.12960000038146974,
        "Prec.bed": 0.05070000171661377,
        "Prec.bedclothes": 0.149399995803833,
        "Prec.bench": 0.026600000858306886,
        "Prec.bicycle": 0.4588999938964844,
        "Prec.bird": 0.42150001525878905,
        "Prec.boat": 0.1718000030517578,
        "Prec.book": 0.2904000091552734,
        "Prec.bottle": 0.5188000106811523,
        "Prec.building": 0.787300033569336,
        "Prec.bus": 0.6672000122070313,
        "Prec.cabinet": 0.26010000228881835,
        "Prec.car": 0.6227999877929687,
        "Prec.cat": 0.76,
        "Prec.ceiling": 0.2592000007629395,
        "Prec.chair": 0.4631999969482422,
        "Prec.cloth": 0.06960000038146973,
        "Prec.computer": 0.017200000286102295,
        "Prec.cow": 0.1322999954223633,
        "Prec.cup": 0.13590000152587892,
        "Prec.curtain": 0.15449999809265136,
        "Prec.dog": 0.6437999725341796,
        "Prec.door": 0.08789999961853028,
        "Prec.fence": 0.13079999923706054,
        "Prec.floor": 0.45939998626708983,
        "Prec.flower": 0.15779999732971192,
        "Prec.food": 0.135,
        "Prec.grass": 0.7720999908447266,
        "Prec.ground": 0.400099983215332,
        "Prec.horse": 0.21420000076293946,
        "Prec.keyboard": 0.3152000045776367,
        "Prec.light": 0.03630000114440918,
        "Prec.motorbike": 0.5920999908447265,
        "Prec.mountain": 0.18569999694824219,
        "Prec.mouse": 0.00039999999105930326,
        "Prec.person": 0.5461000061035156,
        "Prec.plate": 0.041700000762939456,
        "Prec.platform": 0.06590000152587891,
        "Prec.pottedplant": 0.2720000076293945,
        "Prec.road": 0.47139999389648435,
        "Prec.rock": 0.1397999954223633,
        "Prec.sheep": 0.07800000190734863,
        "Prec.shelves": 0.09050000190734864,
        "Prec.sidewalk": 0.10600000381469726,
        "Prec.sign": 0.211200008392334,
        "Prec.sky": 0.8883999633789063,
        "Prec.snow": 0.23760000228881836,
        "Prec.sofa": 0.3445999908447266,
        "Prec.table": 0.3475,
        "Prec.track": 0.005899999737739563,
        "Prec.train": 0.46619998931884765,
        "Prec.tree": 0.8520999908447265,
        "Prec.truck": 0.05429999828338623,
        "Prec.tvmonitor": 0.37790000915527344,
        "Prec.wall": 0.489900016784668,
        "Prec.water": 0.5372000122070313,
        "Prec.window": 0.14899999618530274,
        "Prec.wood": 0.09399999618530273
    }
}