{
    "config": "configs/maskclip_text/maskclip_text_r50_520x520_pascal_context_59.py",
    "metric": {
        "aAcc": 0.3721,
        "mIoU": 0.19210000000000002,
        "mAcc": 0.40979999999999994,
        "mPrec": 0.3099,
        "IoU.aeroplane": 0.33220001220703127,
        "IoU.bag": 0.11279999732971191,
        "IoU.bed": 0.05070000171661377,
        "IoU.bedclothes": 0.11399999618530274,
        "IoU.bench": 0.02809999942779541,
        "IoU.bicycle": 0.4084000015258789,
        "IoU.bird": 0.3015999984741211,
        "IoU.boat": 0.16969999313354492,
        "IoU.book": 0.11229999542236328,
        "IoU.bottle": 0.3738999938964844,
        "IoU.building": 0.14869999885559082,
        "IoU.bus": 0.5386000061035157,
        "IoU.cabinet": 0.1427000045776367,
        "IoU.car": 0.4941999816894531,
        "IoU.cat": 0.5484000015258789,
        "IoU.ceiling": 0.18059999465942383,
        "IoU.chair": 0.20290000915527343,
        "IoU.cloth": 0.03960000038146973,
        "IoU.computer": 0.019299999475479127,
        "IoU.cow": 0.1386999988555908,
        "IoU.cup": 0.08930000305175781,
        "IoU.curtain": 0.135,
        "IoU.dog": 0.4563999938964844,
        "IoU.door": 0.07949999809265136,
        "IoU.fence": 0.123100004196167,
        "IoU.floor": 0.28579999923706056,
        "IoU.flower": 0.13350000381469726,
        "IoU.food": 0.12880000114440918,
        "IoU.grass": 0.3559999847412109,
        "IoU.ground": 0.065,
        "IoU.horse": 0.21459999084472656,
        "IoU.keyboard": 0.23799999237060546,
        "IoU.light": 0.034500000476837156,
        "IoU.motorbike": 0.4336999893188477,
        "IoU.mountain": 0.1438000011444092,
        "IoU.mouse": 9.999999776482581e-05,
        "IoU.person": 0.20379999160766601,
        "IoU.plate": 0.02950000047683716,
        "IoU.platform": 0.06570000171661378,
        "IoU.pottedplant": 0.2514999961853027,
        "IoU.road": 0.19959999084472657,
        "IoU.rock": 0.11310000419616699,
        "IoU.sheep": 0.0884000015258789,
        "IoU.shelves": 0.0759000015258789,
        "IoU.sidewalk": 0.09579999923706055,
        "IoU.sign": 0.14550000190734863,
        "IoU.sky": 0.49810001373291013,
        "IoU.snow": 0.21760000228881837,
        "IoU.sofa": 0.27549999237060546,
        "IoU.table": 0.21610000610351562,
        "IoU.track": 0.004799999892711639,
        "IoU.train": 0.3988999938964844,
        "IoU.tree": 0.27430000305175783,
        "IoU.truck": 0.05590000152587891,
        "IoU.tvmonitor": 0.2084000015258789,
        "IoU.wall": 0.09649999618530274,
        "IoU.water": 0.24559999465942384,
        "IoU.window": 0.11829999923706054,
        "IoU.wood": 0.07940000057220459,
        "Acc.aeroplane": 0.808499984741211,
        "Acc.bag": 0.35200000762939454,
        "Acc.bed": 0.26079999923706054,
        "Acc.bedclothes": 0.27680000305175784,
        "Acc.bench": 0.24969999313354493,
        "Acc.bicycle": 0.8059999847412109,
        "Acc.bird": 0.7029000091552734,
        "Acc.boat": 0.5991999816894531,
        "Acc.book": 0.15210000038146973,
        "Acc.bottle": 0.5720999908447265,
        "Acc.building": 0.15460000038146973,
        "Acc.bus": 0.7183999633789062,
        "Acc.cabinet": 0.23569999694824217,
        "Acc.car": 0.7111000061035156,
        "Acc.cat": 0.6612999725341797,
        "Acc.ceiling": 0.3445999908447266,
        "Acc.chair": 0.2613999938964844,
        "Acc.cloth": 0.0825,
        "Acc.computer": 0.727699966430664,
        "Acc.cow": 0.505099983215332,
        "Acc.cup": 0.22760000228881835,
        "Acc.curtain": 0.41689998626708985,
        "Acc.dog": 0.6236999893188476,
        "Acc.door": 0.4086000061035156,
        "Acc.fence": 0.505,
        "Acc.floor": 0.4134000015258789,
        "Acc.flower": 0.395,
        "Acc.food": 0.680199966430664,
        "Acc.grass": 0.3958000183105469,
        "Acc.ground": 0.07170000076293945,
        "Acc.horse": 0.8,
        "Acc.keyboard": 0.4786000061035156,
        "Acc.light": 0.21229999542236327,
        "Acc.motorbike": 0.6395000076293945,
        "Acc.mountain": 0.3490999984741211,
        "Acc.mouse": 0.06050000190734863,
        "Acc.person": 0.23719999313354492,
        "Acc.plate": 0.09789999961853027,
        "Acc.platform": 0.35630001068115236,
        "Acc.pottedplant": 0.644000015258789,
        "Acc.road": 0.25659999847412107,
        "Acc.rock": 0.31979999542236326,
        "Acc.sheep": 0.6698000335693359,
        "Acc.shelves": 0.3146999931335449,
        "Acc.sidewalk": 0.43150001525878906,
        "Acc.sign": 0.29690000534057615,
        "Acc.sky": 0.528499984741211,
        "Acc.snow": 0.6370000076293946,
        "Acc.sofa": 0.5463999938964844,
        "Acc.table": 0.36900001525878906,
        "Acc.track": 0.015299999713897705,
        "Acc.train": 0.6911000061035156,
        "Acc.tree": 0.28739999771118163,
        "Acc.truck": 0.34119998931884765,
        "Acc.tvmonitor": 0.31170000076293947,
        "Acc.wall": 0.10689999580383301,
        "Acc.water": 0.30389999389648437,
        "Acc.window": 0.2968000030517578,
        "Acc.wood": 0.25739999771118166,
        "Prec.aeroplane": 0.3606000137329102,
        "Prec.bag": 0.14229999542236327,
        "Prec.bed": 0.05920000076293945,
        "Prec.bedclothes": 0.16229999542236329,
        "Prec.bench": 0.03069999933242798,
        "Prec.bicycle": 0.45290000915527345,
        "Prec.bird": 0.34560001373291016,
        "Prec.boat": 0.19139999389648438,
        "Prec.book": 0.30020000457763674,
        "Prec.bottle": 0.5190999984741211,
        "Prec.building": 0.7941999816894532,
        "Prec.bus": 0.6826000213623047,
        "Prec.cabinet": 0.26549999237060545,
        "Prec.car": 0.6184000015258789,
        "Prec.cat": 0.7626999664306641,
        "Prec.ceiling": 0.275,
        "Prec.chair": 0.4752000045776367,
        "Prec.cloth": 0.07070000171661377,
        "Prec.computer": 0.01940000057220459,
        "Prec.cow": 0.16059999465942382,
        "Prec.cup": 0.1281999969482422,
        "Prec.curtain": 0.16639999389648438,
        "Prec.dog": 0.6297999954223633,
        "Prec.door": 0.08989999771118164,
        "Prec.fence": 0.14,
        "Prec.floor": 0.48080001831054686,
        "Prec.flower": 0.16790000915527345,
        "Prec.food": 0.1372000026702881,
        "Prec.grass": 0.7798000335693359,
        "Prec.ground": 0.41220001220703123,
        "Prec.horse": 0.22680000305175782,
        "Prec.keyboard": 0.3213999938964844,
        "Prec.light": 0.03960000038146973,
        "Prec.motorbike": 0.5740999984741211,
        "Prec.mountain": 0.19639999389648438,
        "Prec.mouse": 9.999999776482581e-05,
        "Prec.person": 0.591500015258789,
        "Prec.plate": 0.04059999942779541,
        "Prec.platform": 0.07460000038146973,
        "Prec.pottedplant": 0.29209999084472654,
        "Prec.road": 0.47330001831054686,
        "Prec.rock": 0.14880000114440917,
        "Prec.sheep": 0.09239999771118164,
        "Prec.shelves": 0.0909000015258789,
        "Prec.sidewalk": 0.10960000038146972,
        "Prec.sign": 0.22209999084472656,
        "Prec.sky": 0.8963999938964844,
        "Prec.snow": 0.2484000015258789,
        "Prec.sofa": 0.35720001220703124,
        "Prec.table": 0.3427999877929688,
        "Prec.track": 0.00699999988079071,
        "Prec.train": 0.4854000091552734,
        "Prec.tree": 0.8577999877929687,
        "Prec.truck": 0.06269999980926513,
        "Prec.tvmonitor": 0.38619998931884764,
        "Prec.wall": 0.4965999984741211,
        "Prec.water": 0.5613999938964844,
        "Prec.window": 0.16440000534057617,
        "Prec.wood": 0.10289999961853027
    }
}